Input,Product,Quantity,Tags
90000 ♦ 2:19 PM 1* 22%U
--.:2.fcps ldu e
1of1 ■- •fl
"1.L'41M14ROM.4T,44.ma4 WI41"
1. .00 WEI = 0•0141,WEI 04,1,
I. rr.rt tr.r. 114144. WWI.MM.,114144 WWI,1,
"I.10.+•6144•.M 4, 144•4440)0.6040. nR"
I.11444 'V. 4w14 0w.. MIL 1Nf..41N,11444 MIL,41N,
1.141..011..4 414. is•4. Lw /4.04101 N 0.
"1. f.'.11Mw. 4.0a 0.1.0401,40 41",040,1,
1.0.441104••041.414:140 Mao,44 40 Mao,1,
"I.1w.4w►C"" - t"
I.1441.'141.41. N Mr. 1'.140141 YON 1444.,1441 141 140141 YON,1444,
1.1411.'4411. M.1.Va Y11...
1.Om%is Wm& r. MO.. 1 a. 1414.
1 - - -- am Y. Wan. 0t4M41411N,Wan,1,
I• - Mm ..Y4.. 44114.4• 1.► NO.
1 0441..1.1. 414114414 0.t f41.. 1.t 11m11/144,44444 44,1,
1.0.414•4..41. MOAN Omit OI.. 41141411/41,MOAN Omit 444,1,
I.411..'.f 4m r.r. 44... 2/141411M1,411,141411M1,
1.104641114441144.11.442•1. MR 4t Cam,442 Cam,1,
"""I.14.w.w0444.1M44414144••44114t.1gw1"
Mal ?We 44411,Mal,44411,
Ll GTE 5
